product_category,revenue
Coffee,38.63017843431583
Tea,28.105678959614234
Bakery,11.779362851253639
Drinking Chocolate,10.362724996566673
Coffee beans,5.736196726809328
Branded,1.947160835012742
Loose Tea,1.6046654471594681
Flavours,1.2032987454585984
Packaged Chocolate,0.6307330038094777
